{
    "containers": [
{
"env": [ 
{
"name": "dest_mail",
"type": "/v3/project/schemas/envVar",
"value": "hs@bettanedesseauve.com"
},
{
"name": "db_host",
"type": "/v3/project/schemas/envVar",
"value": "10.0.10.22"
},
{
"name": "db_name",
"type": "/v3/project/schemas/envVar",
"value": "prixplaisir"
},
{
"name": "db_user",
"type": "/v3/project/schemas/envVar",
"value": "root"
},
{
"name": "db_port",
"type": "/v3/project/schemas/envVar",
"value": "30363"
},
{
"name": "db_password",
"type": "/v3/project/schemas/envVar",
"valueFrom": {
"secretKeyRef": {
"key": "db-prod-pass",
"name": "bdt-key-store",
"optional": false,
"type": "/v3/project/schemas/secretKeySelector"
},
"type": "/v3/project/schemas/envVarSource"
}
}
],
"image": "registry.gitlab.com/bettanedesseauve/docker/export-prixplaisir-degustateur-inscription",
"imagePullPolicy": "Always",
"initContainer": false,
"name": "prixplaisir-export-degustateur",
"ports": [ ],
"resources": {
"type": "/v3/project/schemas/resourceRequirements"
},
"restartCount": 0,
"stdin": false,
"stdinOnce": false,
"terminationMessagePath": "/dev/termination-log",
"terminationMessagePolicy": "File",
"tty": false,
"type": "/v3/project/schemas/container",
"volumeMounts": [
{
"mountPath": "/sortie",
"name": "prixplaisir-vol",
"readOnly": false,
"type": "/v3/project/schemas/volumeMount"
}
]
}
],
    "dnsConfig": null,
    "ephemeralContainers": [],
    "gids": [],
    "hostAliases": [],
    "hostIPC": false,
    "hostNetwork": false,
    "hostPID": false,
    "imagePullSecrets": [
        {
            "name": "bdt-registry-gitlab",
            "type": "/v3/project/schemas/localObjectReference"
        }
    ],
    "jobConfig": {
        "backoffLimit": 1,
        "completions": 1,
        "parallelism": 1
    },
    "name": "export-prixplaisir-degustateur-inscription",
    "namespaceId": "bdt-databases",
    "nodeId": "",
    "os": null,
    "podFailurePolicy": null,
    "projectId": "c-vfh7b:p-jr2td",
    "readinessGates": [],
    "restartPolicy": "Never",
    "scheduling": {
        "scheduler": "default-scheduler"
    },
    "seccompProfile": null,
    "selector": null,
    "sysctls": [],
    "topologySpreadConstraints": [],
    "volumes": [
{
"name": "prixplaisir-vol",
"persistentVolumeClaim": {
"persistentVolumeClaimId": "bdt-databases:prixplaisir-degustateur-output-pvc",
"readOnly": false,
"type": "/v3/project/schemas/persistentVolumeClaimVolumeSource"
},
"type": "/v3/project/schemas/volume"
}
],
    "windowsOptions": null,
    "workloadMetrics": []
}
